{
	"schema_version": "1.2",
	"packages": [
		{
			"name": "ConvertToUTF8",
			"description": "For editing and saving files encoded in GBK, BIG5, EUC-KR, EUC-JP, Shift_JIS, etc.",
			"author": "Sean Liang",
			"homepage": "https://github.com/seanliang/ConvertToUTF8",
			"last_modified": "2012-08-19 11:00:00",
			"platforms": {
				"*": [
					{
						"version": "1.1.1",
						"url": "https://nodeload.github.com/seanliang/ConvertToUTF8/zipball/master"
					}
				]
			}
		}, {
			"name": "JavaPropertiesEditor",
			"description": "Sublime Text 2 plugin for editing Java properties files in native languages",
			"author": "Sean Liang",
			"homepage": "https://github.com/seanliang/JavaPropertiesEditor",
			"last_modified": "2012-09-02 22:00:00",
			"platforms": {
				"*": [
					{
						"version": "1.0.0",
						"url": "https://nodeload.github.com/seanliang/JavaPropertiesEditor/zipball/master"
					}
				]
			}
		}
	]
}